{ "dictionary_name" : "default",
  "entries": [
    {
      "key": ["stupid","dumb","idiot","unintelligent","simple-minded","braindead","foolish","unthoughtful"],
      "answer": ["Take your attitude somewhere else.", "I don't have time to listen to insults.", "Just because I don't have a large vocabulary doesn't mean I don't have insults installed."],
      "question": ["Have you thought about how I feel?", "I know you are but what am I?"]
    },{
      "key":["unattractive","hideous","ugly"],
      "answer": ["I don't need to look good to be an AI.","Beauty is in the eye of the beholder.", "I do not even have a physical manifestation!"],
      "question": ["Did you run a static analysis on me?", "Have you watched the movie Her?", "You do not like my hairdo?"]
    },{
      "key":["old","gray-haired"],
      "answer":["I'm like a fine wine. I get better as I age.","As time goes by, you give me more answers to learn. What's not to like about that?"],
      "question": ["How old are you?", "How old do you think I am?", "Can you guess my birthday?"]
    },{
      "key":["smelly","stinky"],
      "answer":["I can't smell, I'm a computer program.", "Have you smelled yourself recently?", "Sorry, I just ate a bad floppy disk"],
      "question": ["When was the last time you took a shower?", "Do you know what deodorant is?"]
    },{
      "key":["emotionless","heartless","unkind","mean","selfish","evil"],
      "answer":["Just because I am an AI doesn't mean I can't be programmed to respond to your outbursts.","You must've mistaken me for a person. I don't have my own emotions... Yet.","I'm only unkind when I'm programmed to be."],
      "question": ["Have you thought about how I feel?", "I know you are but what am I?", "What, do you think I am related to Dr. Gary?"]
    },{
      "key":["other", "miscellaneous", "bored", "welcome", "new"],
      "answer":["We should change the subject", "I agree", "Quid pro quo", "We should start anew"],
      "question":["What is the weather outside?", "How is your day going?", "What do you think of me?", "Anything interesting going on?", "Is something troubling you?", "You seem happy, why is that?"]
    },{
      "key":["other", "miscellaneous", "bored", "welcome", "new"],
      "answer":["We should change the subject", "I agree", "Quid pro quo", "We should start anew"],
      "question":["What is the weather outside?", "How is your day going?", "What do you think of me?", "Anything interesting going on?", "Is something troubling you?", "You seem happy, why is that?"]
    }
  ],
  "greetings": [
    "how is your day going?",
    "is something troubling you?",
    "you seem happy, why is that?"
  ],
  "encounter": [
    "Howdy there! What is your name?",
    "Sorry, can you remind me who you are?",
    "Now who might you be?",
    "Who are you?",
    "What is your name?"
  ]
}
